student_id,lecture_id,exercise_name,percentage_achieved
1,6.436J,Exercise 1,84
1,6.436J,Exercise 2,73
1,6.436J,Exercise 3,13
1,6.436J,Exercise 4,46
1,6.436J,Exercise 5,90
1,6.436J,Exercise 6,64
1,6.436J,Exercise 7,17
1,6.436J,Exercise 8,9
1,6.436J,Exercise 9,4
1,6.436J,Exercise 10,54
2,6.774,Exercise 1,74
2,6.774,Exercise 2,73
2,6.774,Exercise 3,77
2,6.774,Exercise 4,29
2,6.774,Exercise 5,93
2,6.774,Exercise 6,10
2,6.774,Exercise 7,40
2,6.774,Exercise 8,18
2,6.774,Exercise 9,9
2,6.774,Exercise 10,81
3,6.868J,Exercise 1,80
3,6.868J,Exercise 2,82
3,6.868J,Exercise 3,60
3,6.868J,Exercise 4,2
3,6.868J,Exercise 5,20
3,6.868J,Exercise 6,69
3,6.868J,Exercise 7,37
3,6.868J,Exercise 8,27
3,6.868J,Exercise 9,47
3,6.868J,Exercise 10,94
3,6.825,Exercise 1,82
3,6.825,Exercise 2,46
3,6.825,Exercise 3,29
3,6.825,Exercise 4,95
3,6.825,Exercise 5,64
3,6.825,Exercise 6,5
3,6.825,Exercise 7,81
3,6.825,Exercise 8,15
3,6.825,Exercise 9,38
3,6.825,Exercise 10,51
3,6.833,Exercise 1,48
3,6.833,Exercise 2,18
3,6.833,Exercise 3,4
3,6.833,Exercise 4,84
3,6.833,Exercise 5,24
3,6.833,Exercise 6,14
3,6.833,Exercise 7,60
3,6.833,Exercise 8,97
3,6.833,Exercise 9,28
3,6.833,Exercise 10,66
3,6.875,Exercise 1,73
3,6.875,Exercise 2,39
3,6.875,Exercise 3,23
3,6.875,Exercise 4,80
3,6.875,Exercise 5,49
3,6.875,Exercise 6,84
3,6.875,Exercise 7,49
3,6.875,Exercise 8,36
3,6.875,Exercise 9,39
3,6.875,Exercise 10,54
3,6.641,Exercise 1,18
3,6.641,Exercise 2,8
3,6.641,Exercise 3,1
3,6.641,Exercise 4,79
3,6.641,Exercise 5,7
3,6.641,Exercise 6,91
3,6.641,Exercise 7,15
3,6.641,Exercise 8,77
3,6.641,Exercise 9,43
3,6.641,Exercise 10,25
3,6.651J,Exercise 1,93
3,6.651J,Exercise 2,75
3,6.651J,Exercise 3,5
3,6.651J,Exercise 4,53
3,6.651J,Exercise 5,36
3,6.651J,Exercise 6,8
3,6.651J,Exercise 7,99
3,6.651J,Exercise 8,21
3,6.651J,Exercise 9,35
3,6.651J,Exercise 10,7
4,6.976,Exercise 1,43
4,6.976,Exercise 2,13
4,6.976,Exercise 3,31
4,6.976,Exercise 4,56
4,6.976,Exercise 5,36
4,6.976,Exercise 6,67
4,6.976,Exercise 7,54
4,6.976,Exercise 8,5
4,6.976,Exercise 9,89
4,6.976,Exercise 10,83
5,6.541J,Exercise 1,47
5,6.541J,Exercise 2,91
5,6.541J,Exercise 3,31
5,6.541J,Exercise 4,25
5,6.541J,Exercise 5,76
5,6.541J,Exercise 6,68
5,6.541J,Exercise 7,99
5,6.541J,Exercise 8,10
5,6.541J,Exercise 9,39
5,6.541J,Exercise 10,49
6,6.581J,Exercise 1,93
6,6.581J,Exercise 2,36
6,6.581J,Exercise 3,84
6,6.581J,Exercise 4,74
6,6.581J,Exercise 5,27
6,6.581J,Exercise 6,18
6,6.581J,Exercise 7,55
6,6.581J,Exercise 8,24
6,6.581J,Exercise 9,64
6,6.581J,Exercise 10,73
6,6.982J,Exercise 1,92
6,6.982J,Exercise 2,30
6,6.982J,Exercise 3,61
6,6.982J,Exercise 4,74
6,6.982J,Exercise 5,83
6,6.982J,Exercise 6,93
6,6.982J,Exercise 7,52
6,6.982J,Exercise 8,32
6,6.982J,Exercise 9,0
6,6.982J,Exercise 10,25
7,6.450,Exercise 1,36
7,6.450,Exercise 2,37
7,6.450,Exercise 3,56
7,6.450,Exercise 4,71
7,6.450,Exercise 5,10
7,6.450,Exercise 6,39
7,6.450,Exercise 7,45
7,6.450,Exercise 8,75
7,6.450,Exercise 9,39
7,6.450,Exercise 10,95
7,6.864,Exercise 1,41
7,6.864,Exercise 2,15
7,6.864,Exercise 3,41
7,6.864,Exercise 4,72
7,6.864,Exercise 5,58
7,6.864,Exercise 6,49
7,6.864,Exercise 7,59
7,6.864,Exercise 8,95
7,6.864,Exercise 9,16
7,6.864,Exercise 10,71
7,6.635,Exercise 1,27
7,6.635,Exercise 2,16
7,6.635,Exercise 3,54
7,6.635,Exercise 4,21
7,6.635,Exercise 5,55
7,6.635,Exercise 6,57
7,6.635,Exercise 7,73
7,6.635,Exercise 8,51
7,6.635,Exercise 9,67
7,6.635,Exercise 10,67
7,6.977,Exercise 1,30
7,6.977,Exercise 2,42
7,6.977,Exercise 3,41
7,6.977,Exercise 4,68
7,6.977,Exercise 5,87
7,6.977,Exercise 6,47
7,6.977,Exercise 7,18
7,6.977,Exercise 8,64
7,6.977,Exercise 9,25
7,6.977,Exercise 10,65
8,6.720J,Exercise 1,10
8,6.720J,Exercise 2,30
8,6.720J,Exercise 3,93
8,6.720J,Exercise 4,17
8,6.720J,Exercise 5,0
8,6.720J,Exercise 6,71
8,6.720J,Exercise 7,0
8,6.720J,Exercise 8,70
8,6.720J,Exercise 9,84
8,6.720J,Exercise 10,64
8,6.874J,Exercise 1,83
8,6.874J,Exercise 2,76
8,6.874J,Exercise 3,69
8,6.874J,Exercise 4,2
8,6.874J,Exercise 5,12
8,6.874J,Exercise 6,86
8,6.874J,Exercise 7,21
8,6.874J,Exercise 8,12
8,6.874J,Exercise 9,64
8,6.874J,Exercise 10,80
8,6.828,Exercise 1,46
8,6.828,Exercise 2,72
8,6.828,Exercise 3,75
8,6.828,Exercise 4,9
8,6.828,Exercise 5,5
8,6.828,Exercise 6,36
8,6.828,Exercise 7,94
8,6.828,Exercise 8,56
8,6.828,Exercise 9,83
8,6.828,Exercise 10,39
8,6.827,Exercise 1,3
8,6.827,Exercise 2,51
8,6.827,Exercise 3,92
8,6.827,Exercise 4,79
8,6.827,Exercise 5,1
8,6.827,Exercise 6,12
8,6.827,Exercise 7,39
8,6.827,Exercise 8,8
8,6.827,Exercise 9,83
8,6.827,Exercise 10,99
8,6.441,Exercise 1,96
8,6.441,Exercise 2,52
8,6.441,Exercise 3,32
8,6.441,Exercise 4,35
8,6.441,Exercise 5,28
8,6.441,Exercise 6,90
8,6.441,Exercise 7,67
8,6.441,Exercise 8,66
8,6.441,Exercise 9,70
8,6.441,Exercise 10,62
8,6.863J,Exercise 1,19
8,6.863J,Exercise 2,50
8,6.863J,Exercise 3,69
8,6.863J,Exercise 4,26
8,6.863J,Exercise 5,84
8,6.863J,Exercise 6,93
8,6.863J,Exercise 7,51
8,6.863J,Exercise 8,81
8,6.863J,Exercise 9,20
8,6.863J,Exercise 10,40
8,6.878,Exercise 1,15
8,6.878,Exercise 2,98
8,6.878,Exercise 3,52
8,6.878,Exercise 4,42
8,6.878,Exercise 5,36
8,6.878,Exercise 6,52
8,6.878,Exercise 7,41
8,6.878,Exercise 8,11
8,6.878,Exercise 9,73
8,6.878,Exercise 10,51
8,6.253,Exercise 1,31
8,6.253,Exercise 2,56
8,6.253,Exercise 3,30
8,6.253,Exercise 4,34
8,6.253,Exercise 5,44
8,6.253,Exercise 6,26
8,6.253,Exercise 7,36
8,6.253,Exercise 8,45
8,6.253,Exercise 9,33
8,6.253,Exercise 10,71
9,6.973,Exercise 1,63
9,6.973,Exercise 2,9
9,6.973,Exercise 3,82
9,6.973,Exercise 4,17
9,6.973,Exercise 5,86
9,6.973,Exercise 6,98
9,6.973,Exercise 7,83
9,6.973,Exercise 8,8
9,6.973,Exercise 9,73
9,6.973,Exercise 10,7
9,6.441,Exercise 1,12
9,6.441,Exercise 2,47
9,6.441,Exercise 3,10
9,6.441,Exercise 4,95
9,6.441,Exercise 5,44
9,6.441,Exercise 6,65
9,6.441,Exercise 7,40
9,6.441,Exercise 8,89
9,6.441,Exercise 9,23
9,6.441,Exercise 10,12
9,6.838,Exercise 1,80
9,6.838,Exercise 2,86
9,6.838,Exercise 3,3
9,6.838,Exercise 4,44
9,6.838,Exercise 5,3
9,6.838,Exercise 6,29
9,6.838,Exercise 7,64
9,6.838,Exercise 8,8
9,6.838,Exercise 9,86
9,6.838,Exercise 10,75
10,6.772,Exercise 1,68
10,6.772,Exercise 2,55
10,6.772,Exercise 3,42
10,6.772,Exercise 4,98
10,6.772,Exercise 5,36
10,6.772,Exercise 6,34
10,6.772,Exercise 7,70
10,6.772,Exercise 8,46
10,6.772,Exercise 9,64
10,6.772,Exercise 10,71
10,6.826,Exercise 1,26
10,6.826,Exercise 2,52
10,6.826,Exercise 3,59
10,6.826,Exercise 4,68
10,6.826,Exercise 5,56
10,6.826,Exercise 6,81
10,6.826,Exercise 7,84
10,6.826,Exercise 8,24
10,6.826,Exercise 9,36
10,6.826,Exercise 10,59
10,6.884,Exercise 1,79
10,6.884,Exercise 2,62
10,6.884,Exercise 3,8
10,6.884,Exercise 4,34
10,6.884,Exercise 5,86
10,6.884,Exercise 6,55
10,6.884,Exercise 7,75
10,6.884,Exercise 8,61
10,6.884,Exercise 9,77
10,6.884,Exercise 10,78
10,6.337J,Exercise 1,90
10,6.337J,Exercise 2,4
10,6.337J,Exercise 3,30
10,6.337J,Exercise 4,88
10,6.337J,Exercise 5,6
10,6.337J,Exercise 6,47
10,6.337J,Exercise 7,44
10,6.337J,Exercise 8,1
10,6.337J,Exercise 9,8
10,6.337J,Exercise 10,87
11,6.844,Exercise 1,7
11,6.844,Exercise 2,39
11,6.844,Exercise 3,66
11,6.844,Exercise 4,46
11,6.844,Exercise 5,67
11,6.844,Exercise 6,14
11,6.844,Exercise 7,28
11,6.844,Exercise 8,24
11,6.844,Exercise 9,53
11,6.844,Exercise 10,79
11,6.878,Exercise 1,99
11,6.878,Exercise 2,28
11,6.878,Exercise 3,22
11,6.878,Exercise 4,31
11,6.878,Exercise 5,77
11,6.878,Exercise 6,84
11,6.878,Exercise 7,77
11,6.878,Exercise 8,13
11,6.878,Exercise 9,87
11,6.878,Exercise 10,25
11,6.776,Exercise 1,78
11,6.776,Exercise 2,34
11,6.776,Exercise 3,18
11,6.776,Exercise 4,50
11,6.776,Exercise 5,51
11,6.776,Exercise 6,63
11,6.776,Exercise 7,25
11,6.776,Exercise 8,12
11,6.776,Exercise 9,25
11,6.776,Exercise 10,47
11,6.856J,Exercise 1,43
11,6.856J,Exercise 2,60
11,6.856J,Exercise 3,15
11,6.856J,Exercise 4,56
11,6.856J,Exercise 5,22
11,6.856J,Exercise 6,49
11,6.856J,Exercise 7,58
11,6.856J,Exercise 8,96
11,6.856J,Exercise 9,54
11,6.856J,Exercise 10,30
11,6.867,Exercise 1,58
11,6.867,Exercise 2,46
11,6.867,Exercise 3,28
11,6.867,Exercise 4,48
11,6.867,Exercise 5,80
11,6.867,Exercise 6,9
11,6.867,Exercise 7,88
11,6.867,Exercise 8,72
11,6.867,Exercise 9,25
11,6.867,Exercise 10,4
11,6.543J,Exercise 1,37
11,6.543J,Exercise 2,71
11,6.543J,Exercise 3,21
11,6.543J,Exercise 4,97
11,6.543J,Exercise 5,32
11,6.543J,Exercise 6,4
11,6.543J,Exercise 7,25
11,6.543J,Exercise 8,54
11,6.543J,Exercise 9,93
11,6.543J,Exercise 10,61
12,6.973,Exercise 1,77
12,6.973,Exercise 2,4
12,6.973,Exercise 3,90
12,6.973,Exercise 4,99
12,6.973,Exercise 5,17
12,6.973,Exercise 6,70
12,6.973,Exercise 7,75
12,6.973,Exercise 8,7
12,6.973,Exercise 9,83
12,6.973,Exercise 10,60
12,6.690,Exercise 1,28
12,6.690,Exercise 2,92
12,6.690,Exercise 3,35
12,6.690,Exercise 4,18
12,6.690,Exercise 5,84
12,6.690,Exercise 6,76
12,6.690,Exercise 7,66
12,6.690,Exercise 8,31
12,6.690,Exercise 9,4
12,6.690,Exercise 10,58
12,6.881,Exercise 1,15
12,6.881,Exercise 2,21
12,6.881,Exercise 3,69
12,6.881,Exercise 4,85
12,6.881,Exercise 5,12
12,6.881,Exercise 6,30
12,6.881,Exercise 7,21
12,6.881,Exercise 8,45
12,6.881,Exercise 9,44
12,6.881,Exercise 10,32
12,6.830,Exercise 1,4
12,6.830,Exercise 2,94
12,6.830,Exercise 3,49
12,6.830,Exercise 4,38
12,6.830,Exercise 5,97
12,6.830,Exercise 6,7
12,6.830,Exercise 7,92
12,6.830,Exercise 8,12
12,6.830,Exercise 9,71
12,6.830,Exercise 10,32
12,6.978J,Exercise 1,72
12,6.978J,Exercise 2,39
12,6.978J,Exercise 3,66
12,6.978J,Exercise 4,47
12,6.978J,Exercise 5,82
12,6.978J,Exercise 6,78
12,6.978J,Exercise 7,94
12,6.978J,Exercise 8,68
12,6.978J,Exercise 9,76
12,6.978J,Exercise 10,52
12,6.776,Exercise 1,59
12,6.776,Exercise 2,38
12,6.776,Exercise 3,5
12,6.776,Exercise 4,78
12,6.776,Exercise 5,83
12,6.776,Exercise 6,59
12,6.776,Exercise 7,58
12,6.776,Exercise 8,49
12,6.776,Exercise 9,28
12,6.776,Exercise 10,80
12,6.974,Exercise 1,44
12,6.974,Exercise 2,16
12,6.974,Exercise 3,82
12,6.974,Exercise 4,74
12,6.974,Exercise 5,59
12,6.974,Exercise 6,55
12,6.974,Exercise 7,41
12,6.974,Exercise 8,10
12,6.974,Exercise 9,73
12,6.974,Exercise 10,70
13,6.834J,Exercise 1,70
13,6.834J,Exercise 2,19
13,6.834J,Exercise 3,39
13,6.834J,Exercise 4,99
13,6.834J,Exercise 5,93
13,6.834J,Exercise 6,28
13,6.834J,Exercise 7,50
13,6.834J,Exercise 8,93
13,6.834J,Exercise 9,34
13,6.834J,Exercise 10,13
13,6.840J,Exercise 1,15
13,6.840J,Exercise 2,45
13,6.840J,Exercise 3,11
13,6.840J,Exercise 4,58
13,6.840J,Exercise 5,90
13,6.840J,Exercise 6,27
13,6.840J,Exercise 7,96
13,6.840J,Exercise 8,23
13,6.840J,Exercise 9,47
13,6.840J,Exercise 10,95
13,6.868J,Exercise 1,83
13,6.868J,Exercise 2,83
13,6.868J,Exercise 3,25
13,6.868J,Exercise 4,20
13,6.868J,Exercise 5,81
13,6.868J,Exercise 6,84
13,6.868J,Exercise 7,7
13,6.868J,Exercise 8,9
13,6.868J,Exercise 9,8
13,6.868J,Exercise 10,70
13,6.241J,Exercise 1,67
13,6.241J,Exercise 2,42
13,6.241J,Exercise 3,37
13,6.241J,Exercise 4,32
13,6.241J,Exercise 5,18
13,6.241J,Exercise 6,7
13,6.241J,Exercise 7,43
13,6.241J,Exercise 8,90
13,6.241J,Exercise 9,6
13,6.241J,Exercise 10,91
13,6.897,Exercise 1,62
13,6.897,Exercise 2,93
13,6.897,Exercise 3,46
13,6.897,Exercise 4,34
13,6.897,Exercise 5,83
13,6.897,Exercise 6,13
13,6.897,Exercise 7,56
13,6.897,Exercise 8,29
13,6.897,Exercise 9,78
13,6.897,Exercise 10,34
13,6.823,Exercise 1,18
13,6.823,Exercise 2,95
13,6.823,Exercise 3,65
13,6.823,Exercise 4,44
13,6.823,Exercise 5,84
13,6.823,Exercise 6,24
13,6.823,Exercise 7,82
13,6.823,Exercise 8,22
13,6.823,Exercise 9,6
13,6.823,Exercise 10,77
14,6.728,Exercise 1,13
14,6.728,Exercise 2,15
14,6.728,Exercise 3,89
14,6.728,Exercise 4,71
14,6.728,Exercise 5,8
14,6.728,Exercise 6,6
14,6.728,Exercise 7,11
14,6.728,Exercise 8,73
14,6.728,Exercise 9,23
14,6.728,Exercise 10,99
15,6.833,Exercise 1,89
15,6.833,Exercise 2,58
15,6.833,Exercise 3,1
15,6.833,Exercise 4,28
15,6.833,Exercise 5,97
15,6.833,Exercise 6,66
15,6.833,Exercise 7,16
15,6.833,Exercise 8,93
15,6.833,Exercise 9,42
15,6.833,Exercise 10,58
15,6.878,Exercise 1,60
15,6.878,Exercise 2,84
15,6.878,Exercise 3,79
15,6.878,Exercise 4,19
15,6.878,Exercise 5,43
15,6.878,Exercise 6,94
15,6.878,Exercise 7,95
15,6.878,Exercise 8,80
15,6.878,Exercise 9,21
15,6.878,Exercise 10,12
15,6.251J,Exercise 1,76
15,6.251J,Exercise 2,48
15,6.251J,Exercise 3,13
15,6.251J,Exercise 4,54
15,6.251J,Exercise 5,4
15,6.251J,Exercise 6,33
15,6.251J,Exercise 7,26
15,6.251J,Exercise 8,80
15,6.251J,Exercise 9,4
15,6.251J,Exercise 10,92
15,6.858,Exercise 1,84
15,6.858,Exercise 2,76
15,6.858,Exercise 3,10
15,6.858,Exercise 4,4
15,6.858,Exercise 5,29
15,6.858,Exercise 6,3
15,6.858,Exercise 7,35
15,6.858,Exercise 8,56
15,6.858,Exercise 9,14
15,6.858,Exercise 10,32
15,6.977,Exercise 1,84
15,6.977,Exercise 2,7
15,6.977,Exercise 3,68
15,6.977,Exercise 4,96
15,6.977,Exercise 5,91
15,6.977,Exercise 6,74
15,6.977,Exercise 7,14
15,6.977,Exercise 8,69
15,6.977,Exercise 9,35
15,6.977,Exercise 10,57
15,6.451,Exercise 1,8
15,6.451,Exercise 2,81
15,6.451,Exercise 3,76
15,6.451,Exercise 4,55
15,6.451,Exercise 5,57
15,6.451,Exercise 6,72
15,6.451,Exercise 7,83
15,6.451,Exercise 8,9
15,6.451,Exercise 9,71
15,6.451,Exercise 10,13
15,6.243J,Exercise 1,52
15,6.243J,Exercise 2,61
15,6.243J,Exercise 3,6
15,6.243J,Exercise 4,79
15,6.243J,Exercise 5,39
15,6.243J,Exercise 6,39
15,6.243J,Exercise 7,13
15,6.243J,Exercise 8,67
15,6.243J,Exercise 9,49
15,6.243J,Exercise 10,48
15,6.857,Exercise 1,39
15,6.857,Exercise 2,50
15,6.857,Exercise 3,85
15,6.857,Exercise 4,47
15,6.857,Exercise 5,24
15,6.857,Exercise 6,53
15,6.857,Exercise 7,69
15,6.857,Exercise 8,39
15,6.857,Exercise 9,66
15,6.857,Exercise 10,97
15,6.374,Exercise 1,38
15,6.374,Exercise 2,11
15,6.374,Exercise 3,50
15,6.374,Exercise 4,24
15,6.374,Exercise 5,23
15,6.374,Exercise 6,16
15,6.374,Exercise 7,48
15,6.374,Exercise 8,75
15,6.374,Exercise 9,59
15,6.374,Exercise 10,46
16,6.641,Exercise 1,76
16,6.641,Exercise 2,30
16,6.641,Exercise 3,58
16,6.641,Exercise 4,23
16,6.641,Exercise 5,76
16,6.641,Exercise 6,72
16,6.641,Exercise 7,20
16,6.641,Exercise 8,8
16,6.641,Exercise 9,74
16,6.641,Exercise 10,9
16,6.774,Exercise 1,8
16,6.774,Exercise 2,62
16,6.774,Exercise 3,78
16,6.774,Exercise 4,26
16,6.774,Exercise 5,46
16,6.774,Exercise 6,9
16,6.774,Exercise 7,83
16,6.774,Exercise 8,91
16,6.774,Exercise 9,47
16,6.774,Exercise 10,64
17,6.841J,Exercise 1,42
17,6.841J,Exercise 2,63
17,6.841J,Exercise 3,21
17,6.841J,Exercise 4,3
17,6.841J,Exercise 5,79
17,6.841J,Exercise 6,46
17,6.841J,Exercise 7,57
17,6.841J,Exercise 8,41
17,6.841J,Exercise 9,32
17,6.841J,Exercise 10,26
17,6.977,Exercise 1,2
17,6.977,Exercise 2,34
17,6.977,Exercise 3,75
17,6.977,Exercise 4,26
17,6.977,Exercise 5,58
17,6.977,Exercise 6,12
17,6.977,Exercise 7,9
17,6.977,Exercise 8,15
17,6.977,Exercise 9,98
17,6.977,Exercise 10,93
17,6.864,Exercise 1,28
17,6.864,Exercise 2,55
17,6.864,Exercise 3,45
17,6.864,Exercise 4,7
17,6.864,Exercise 5,42
17,6.864,Exercise 6,8
17,6.864,Exercise 7,41
17,6.864,Exercise 8,0
17,6.864,Exercise 9,46
17,6.864,Exercise 10,79
17,6.281J,Exercise 1,73
17,6.281J,Exercise 2,98
17,6.281J,Exercise 3,33
17,6.281J,Exercise 4,57
17,6.281J,Exercise 5,4
17,6.281J,Exercise 6,68
17,6.281J,Exercise 7,52
17,6.281J,Exercise 8,65
17,6.281J,Exercise 9,43
17,6.281J,Exercise 10,0
17,6.772,Exercise 1,89
17,6.772,Exercise 2,13
17,6.772,Exercise 3,1
17,6.772,Exercise 4,1
17,6.772,Exercise 5,44
17,6.772,Exercise 6,86
17,6.772,Exercise 7,53
17,6.772,Exercise 8,26
17,6.772,Exercise 9,14
17,6.772,Exercise 10,27
17,6.551J,Exercise 1,29
17,6.551J,Exercise 2,79
17,6.551J,Exercise 3,40
17,6.551J,Exercise 4,59
17,6.551J,Exercise 5,60
17,6.551J,Exercise 6,98
17,6.551J,Exercise 7,93
17,6.551J,Exercise 8,19
17,6.551J,Exercise 9,85
17,6.551J,Exercise 10,88
18,6.877J,Exercise 1,57
18,6.877J,Exercise 2,36
18,6.877J,Exercise 3,41
18,6.877J,Exercise 4,34
18,6.877J,Exercise 5,62
18,6.877J,Exercise 6,92
18,6.877J,Exercise 7,38
18,6.877J,Exercise 8,95
18,6.877J,Exercise 9,96
18,6.877J,Exercise 10,69
18,6.938,Exercise 1,85
18,6.938,Exercise 2,53
18,6.938,Exercise 3,48
18,6.938,Exercise 4,85
18,6.938,Exercise 5,44
18,6.938,Exercise 6,44
18,6.938,Exercise 7,17
18,6.938,Exercise 8,63
18,6.938,Exercise 9,25
18,6.938,Exercise 10,71
19,6.262,Exercise 1,90
19,6.262,Exercise 2,96
19,6.262,Exercise 3,7
19,6.262,Exercise 4,31
19,6.262,Exercise 5,92
19,6.262,Exercise 6,17
19,6.262,Exercise 7,63
19,6.262,Exercise 8,14
19,6.262,Exercise 9,46
19,6.262,Exercise 10,78
19,6.871,Exercise 1,34
19,6.871,Exercise 2,45
19,6.871,Exercise 3,64
19,6.871,Exercise 4,97
19,6.871,Exercise 5,90
19,6.871,Exercise 6,96
19,6.871,Exercise 7,58
19,6.871,Exercise 8,31
19,6.871,Exercise 9,97
19,6.871,Exercise 10,30
19,6.845,Exercise 1,12
19,6.845,Exercise 2,15
19,6.845,Exercise 3,41
19,6.845,Exercise 4,7
19,6.845,Exercise 5,10
19,6.845,Exercise 6,9
19,6.845,Exercise 7,13
19,6.845,Exercise 8,23
19,6.845,Exercise 9,93
19,6.845,Exercise 10,74
19,6.451,Exercise 1,40
19,6.451,Exercise 2,87
19,6.451,Exercise 3,97
19,6.451,Exercise 4,67
19,6.451,Exercise 5,79
19,6.451,Exercise 6,83
19,6.451,Exercise 7,77
19,6.451,Exercise 8,51
19,6.451,Exercise 9,67
19,6.451,Exercise 10,98
19,6.630,Exercise 1,36
19,6.630,Exercise 2,99
19,6.630,Exercise 3,62
19,6.630,Exercise 4,46
19,6.630,Exercise 5,25
19,6.630,Exercise 6,80
19,6.630,Exercise 7,97
19,6.630,Exercise 8,49
19,6.630,Exercise 9,12
19,6.630,Exercise 10,16
19,6.823,Exercise 1,87
19,6.823,Exercise 2,48
19,6.823,Exercise 3,39
19,6.823,Exercise 4,8
19,6.823,Exercise 5,18
19,6.823,Exercise 6,4
19,6.823,Exercise 7,11
19,6.823,Exercise 8,98
19,6.823,Exercise 9,21
19,6.823,Exercise 10,42
19,6.255J,Exercise 1,83
19,6.255J,Exercise 2,86
19,6.255J,Exercise 3,80
19,6.255J,Exercise 4,48
19,6.255J,Exercise 5,25
19,6.255J,Exercise 6,6
19,6.255J,Exercise 7,70
19,6.255J,Exercise 8,6
19,6.255J,Exercise 9,94
19,6.255J,Exercise 10,53
19,6.374,Exercise 1,33
19,6.374,Exercise 2,12
19,6.374,Exercise 3,94
19,6.374,Exercise 4,52
19,6.374,Exercise 5,74
19,6.374,Exercise 6,61
19,6.374,Exercise 7,89
19,6.374,Exercise 8,0
19,6.374,Exercise 9,29
19,6.374,Exercise 10,21
19,6.728,Exercise 1,21
19,6.728,Exercise 2,40
19,6.728,Exercise 3,95
19,6.728,Exercise 4,80
19,6.728,Exercise 5,22
19,6.728,Exercise 6,27
19,6.728,Exercise 7,19
19,6.728,Exercise 8,72
19,6.728,Exercise 9,37
19,6.728,Exercise 10,14
20,6.243J,Exercise 1,6
20,6.243J,Exercise 2,84
20,6.243J,Exercise 3,63
20,6.243J,Exercise 4,3
20,6.243J,Exercise 5,98
20,6.243J,Exercise 6,38
20,6.243J,Exercise 7,22
20,6.243J,Exercise 8,53
20,6.243J,Exercise 9,15
20,6.243J,Exercise 10,29
20,6.873J,Exercise 1,30
20,6.873J,Exercise 2,2
20,6.873J,Exercise 3,24
20,6.873J,Exercise 4,91
20,6.873J,Exercise 5,98
20,6.873J,Exercise 6,36
20,6.873J,Exercise 7,9
20,6.873J,Exercise 8,86
20,6.873J,Exercise 9,61
20,6.873J,Exercise 10,97
20,6.851,Exercise 1,70
20,6.851,Exercise 2,44
20,6.851,Exercise 3,98
20,6.851,Exercise 4,77
20,6.851,Exercise 5,9
20,6.851,Exercise 6,59
20,6.851,Exercise 7,68
20,6.851,Exercise 8,4
20,6.851,Exercise 9,70
20,6.851,Exercise 10,68
20,6.561J,Exercise 1,71
20,6.561J,Exercise 2,46
20,6.561J,Exercise 3,0
20,6.561J,Exercise 4,3
20,6.561J,Exercise 5,46
20,6.561J,Exercise 6,71
20,6.561J,Exercise 7,75
20,6.561J,Exercise 8,50
20,6.561J,Exercise 9,64
20,6.561J,Exercise 10,18
20,6.859J,Exercise 1,99
20,6.859J,Exercise 2,93
20,6.859J,Exercise 3,22
20,6.859J,Exercise 4,28
20,6.859J,Exercise 5,1
20,6.859J,Exercise 6,45
20,6.859J,Exercise 7,7
20,6.859J,Exercise 8,65
20,6.859J,Exercise 9,60
20,6.859J,Exercise 10,77
21,6.827,Exercise 1,51
21,6.827,Exercise 2,4
21,6.827,Exercise 3,10
21,6.827,Exercise 4,1
21,6.827,Exercise 5,44
21,6.827,Exercise 6,91
21,6.827,Exercise 7,51
21,6.827,Exercise 8,93
21,6.827,Exercise 9,60
21,6.827,Exercise 10,75
21,6.543J,Exercise 1,28
21,6.543J,Exercise 2,19
21,6.543J,Exercise 3,43
21,6.543J,Exercise 4,25
21,6.543J,Exercise 5,27
21,6.543J,Exercise 6,83
21,6.543J,Exercise 7,3
21,6.543J,Exercise 8,91
21,6.543J,Exercise 9,87
21,6.543J,Exercise 10,60
21,6.728,Exercise 1,82
21,6.728,Exercise 2,11
21,6.728,Exercise 3,11
21,6.728,Exercise 4,48
21,6.728,Exercise 5,20
21,6.728,Exercise 6,74
21,6.728,Exercise 7,78
21,6.728,Exercise 8,90
21,6.728,Exercise 9,12
21,6.728,Exercise 10,8
21,6.337J,Exercise 1,41
21,6.337J,Exercise 2,78
21,6.337J,Exercise 3,28
21,6.337J,Exercise 4,71
21,6.337J,Exercise 5,94
21,6.337J,Exercise 6,42
21,6.337J,Exercise 7,13
21,6.337J,Exercise 8,32
21,6.337J,Exercise 9,52
21,6.337J,Exercise 10,36
21,6.933J,Exercise 1,63
21,6.933J,Exercise 2,46
21,6.933J,Exercise 3,77
21,6.933J,Exercise 4,39
21,6.933J,Exercise 5,16
21,6.933J,Exercise 6,29
21,6.933J,Exercise 7,5
21,6.933J,Exercise 8,59
21,6.933J,Exercise 9,67
21,6.933J,Exercise 10,3
21,6.845,Exercise 1,53
21,6.845,Exercise 2,70
21,6.845,Exercise 3,36
21,6.845,Exercise 4,40
21,6.845,Exercise 5,36
21,6.845,Exercise 6,47
21,6.845,Exercise 7,23
21,6.845,Exercise 8,63
21,6.845,Exercise 9,68
21,6.845,Exercise 10,27
21,6.254,Exercise 1,43
21,6.254,Exercise 2,30
21,6.254,Exercise 3,70
21,6.254,Exercise 4,49
21,6.254,Exercise 5,33
21,6.254,Exercise 6,63
21,6.254,Exercise 7,92
21,6.254,Exercise 8,69
21,6.254,Exercise 9,74
21,6.254,Exercise 10,54
21,6.977,Exercise 1,18
21,6.977,Exercise 2,14
21,6.977,Exercise 3,33
21,6.977,Exercise 4,26
21,6.977,Exercise 5,92
21,6.977,Exercise 6,53
21,6.977,Exercise 7,7
21,6.977,Exercise 8,84
21,6.977,Exercise 9,24
21,6.977,Exercise 10,15
22,6.255J,Exercise 1,7
22,6.255J,Exercise 2,65
22,6.255J,Exercise 3,52
22,6.255J,Exercise 4,80
22,6.255J,Exercise 5,13
22,6.255J,Exercise 6,78
22,6.255J,Exercise 7,88
22,6.255J,Exercise 8,23
22,6.255J,Exercise 9,33
22,6.255J,Exercise 10,1
24,6.774,Exercise 1,24
24,6.774,Exercise 2,97
24,6.774,Exercise 3,6
24,6.774,Exercise 4,77
24,6.774,Exercise 5,60
24,6.774,Exercise 6,25
24,6.774,Exercise 7,2
24,6.774,Exercise 8,14
24,6.774,Exercise 9,96
24,6.774,Exercise 10,80
24,6.851,Exercise 1,63
24,6.851,Exercise 2,74
24,6.851,Exercise 3,3
24,6.851,Exercise 4,42
24,6.851,Exercise 5,92
24,6.851,Exercise 6,71
24,6.851,Exercise 7,45
24,6.851,Exercise 8,84
24,6.851,Exercise 9,49
24,6.851,Exercise 10,30
24,6.832,Exercise 1,75
24,6.832,Exercise 2,48
24,6.832,Exercise 3,55
24,6.832,Exercise 4,3
24,6.832,Exercise 5,43
24,6.832,Exercise 6,80
24,6.832,Exercise 7,75
24,6.832,Exercise 8,46
24,6.832,Exercise 9,31
24,6.832,Exercise 10,86
24,6.255J,Exercise 1,87
24,6.255J,Exercise 2,64
24,6.255J,Exercise 3,70
24,6.255J,Exercise 4,41
24,6.255J,Exercise 5,16
24,6.255J,Exercise 6,64
24,6.255J,Exercise 7,76
24,6.255J,Exercise 8,46
24,6.255J,Exercise 9,24
24,6.255J,Exercise 10,81
24,6.871,Exercise 1,77
24,6.871,Exercise 2,7
24,6.871,Exercise 3,28
24,6.871,Exercise 4,80
24,6.871,Exercise 5,93
24,6.871,Exercise 6,35
24,6.871,Exercise 7,58
24,6.871,Exercise 8,1
24,6.871,Exercise 9,74
24,6.871,Exercise 10,96
24,6.281J,Exercise 1,35
24,6.281J,Exercise 2,34
24,6.281J,Exercise 3,44
24,6.281J,Exercise 4,28
24,6.281J,Exercise 5,25
24,6.281J,Exercise 6,93
24,6.281J,Exercise 7,84
24,6.281J,Exercise 8,78
24,6.281J,Exercise 9,21
24,6.281J,Exercise 10,81
24,6.945,Exercise 1,10
24,6.945,Exercise 2,72
24,6.945,Exercise 3,90
24,6.945,Exercise 4,27
24,6.945,Exercise 5,27
24,6.945,Exercise 6,8
24,6.945,Exercise 7,91
24,6.945,Exercise 8,86
24,6.945,Exercise 9,18
24,6.945,Exercise 10,4
25,6.841J,Exercise 1,15
25,6.841J,Exercise 2,6
25,6.841J,Exercise 3,12
25,6.841J,Exercise 4,16
25,6.841J,Exercise 5,65
25,6.841J,Exercise 6,96
25,6.841J,Exercise 7,8
25,6.841J,Exercise 8,13
25,6.841J,Exercise 9,97
25,6.841J,Exercise 10,39
25,6.642,Exercise 1,79
25,6.642,Exercise 2,11
25,6.642,Exercise 3,37
25,6.642,Exercise 4,8
25,6.642,Exercise 5,23
25,6.642,Exercise 6,33
25,6.642,Exercise 7,98
25,6.642,Exercise 8,20
25,6.642,Exercise 9,34
25,6.642,Exercise 10,11
25,6.975,Exercise 1,42
25,6.975,Exercise 2,84
25,6.975,Exercise 3,58
25,6.975,Exercise 4,34
25,6.975,Exercise 5,18
25,6.975,Exercise 6,94
25,6.975,Exercise 7,4
25,6.975,Exercise 8,88
25,6.975,Exercise 9,98
25,6.975,Exercise 10,12
25,6.337J,Exercise 1,51
25,6.337J,Exercise 2,75
25,6.337J,Exercise 3,17
25,6.337J,Exercise 4,55
25,6.337J,Exercise 5,91
25,6.337J,Exercise 6,49
25,6.337J,Exercise 7,48
25,6.337J,Exercise 8,92
25,6.337J,Exercise 9,18
25,6.337J,Exercise 10,16
25,6.632,Exercise 1,92
25,6.632,Exercise 2,23
25,6.632,Exercise 3,89
25,6.632,Exercise 4,73
25,6.632,Exercise 5,25
25,6.632,Exercise 6,65
25,6.632,Exercise 7,44
25,6.632,Exercise 8,91
25,6.632,Exercise 9,82
25,6.632,Exercise 10,56
25,6.345,Exercise 1,97
25,6.345,Exercise 2,35
25,6.345,Exercise 3,89
25,6.345,Exercise 4,76
25,6.345,Exercise 5,73
25,6.345,Exercise 6,73
25,6.345,Exercise 7,89
25,6.345,Exercise 8,6
25,6.345,Exercise 9,61
25,6.345,Exercise 10,21
26,6.345,Exercise 1,91
26,6.345,Exercise 2,81
26,6.345,Exercise 3,37
26,6.345,Exercise 4,51
26,6.345,Exercise 5,46
26,6.345,Exercise 6,32
26,6.345,Exercise 7,21
26,6.345,Exercise 8,71
26,6.345,Exercise 9,24
26,6.345,Exercise 10,20
27,6.833,Exercise 1,95
27,6.833,Exercise 2,88
27,6.833,Exercise 3,64
27,6.833,Exercise 4,9
27,6.833,Exercise 5,52
27,6.833,Exercise 6,90
27,6.833,Exercise 7,71
27,6.833,Exercise 8,47
27,6.833,Exercise 9,80
27,6.833,Exercise 10,68
28,6.252J,Exercise 1,54
28,6.252J,Exercise 2,58
28,6.252J,Exercise 3,70
28,6.252J,Exercise 4,40
28,6.252J,Exercise 5,73
28,6.252J,Exercise 6,43
28,6.252J,Exercise 7,95
28,6.252J,Exercise 8,57
28,6.252J,Exercise 9,22
28,6.252J,Exercise 10,49
28,6.661,Exercise 1,4
28,6.661,Exercise 2,69
28,6.661,Exercise 3,50
28,6.661,Exercise 4,83
28,6.661,Exercise 5,89
28,6.661,Exercise 6,96
28,6.661,Exercise 7,56
28,6.661,Exercise 8,31
28,6.661,Exercise 9,42
28,6.661,Exercise 10,70
28,6.561J,Exercise 1,46
28,6.561J,Exercise 2,38
28,6.561J,Exercise 3,35
28,6.561J,Exercise 4,22
28,6.561J,Exercise 5,27
28,6.561J,Exercise 6,25
28,6.561J,Exercise 7,28
28,6.561J,Exercise 8,71
28,6.561J,Exercise 9,58
28,6.561J,Exercise 10,57
28,6.977,Exercise 1,58
28,6.977,Exercise 2,45
28,6.977,Exercise 3,60
28,6.977,Exercise 4,79
28,6.977,Exercise 5,27
28,6.977,Exercise 6,98
28,6.977,Exercise 7,18
28,6.977,Exercise 8,27
28,6.977,Exercise 9,35
28,6.977,Exercise 10,99
29,6.337J,Exercise 1,50
29,6.337J,Exercise 2,95
29,6.337J,Exercise 3,19
29,6.337J,Exercise 4,1
29,6.337J,Exercise 5,47
29,6.337J,Exercise 6,84
29,6.337J,Exercise 7,8
29,6.337J,Exercise 8,42
29,6.337J,Exercise 9,70
29,6.337J,Exercise 10,46
29,6.826,Exercise 1,31
29,6.826,Exercise 2,30
29,6.826,Exercise 3,68
29,6.826,Exercise 4,7
29,6.826,Exercise 5,62
29,6.826,Exercise 6,72
29,6.826,Exercise 7,78
29,6.826,Exercise 8,40
29,6.826,Exercise 9,43
29,6.826,Exercise 10,97
30,6.581J,Exercise 1,5
30,6.581J,Exercise 2,23
30,6.581J,Exercise 3,93
30,6.581J,Exercise 4,46
30,6.581J,Exercise 5,71
30,6.581J,Exercise 6,2
30,6.581J,Exercise 7,65
30,6.581J,Exercise 8,87
30,6.581J,Exercise 9,18
30,6.581J,Exercise 10,69
30,6.844,Exercise 1,71
30,6.844,Exercise 2,34
30,6.844,Exercise 3,90
30,6.844,Exercise 4,4
30,6.844,Exercise 5,36
30,6.844,Exercise 6,21
30,6.844,Exercise 7,18
30,6.844,Exercise 8,71
30,6.844,Exercise 9,41
30,6.844,Exercise 10,35
30,6.641,Exercise 1,56
30,6.641,Exercise 2,29
30,6.641,Exercise 3,34
30,6.641,Exercise 4,27
30,6.641,Exercise 5,44
30,6.641,Exercise 6,89
30,6.641,Exercise 7,84
30,6.641,Exercise 8,28
30,6.641,Exercise 9,21
30,6.641,Exercise 10,63
30,6.772,Exercise 1,3
30,6.772,Exercise 2,59
30,6.772,Exercise 3,69
30,6.772,Exercise 4,54
30,6.772,Exercise 5,17
30,6.772,Exercise 6,47
30,6.772,Exercise 7,12
30,6.772,Exercise 8,82
30,6.772,Exercise 9,71
30,6.772,Exercise 10,49
31,6.341,Exercise 1,80
31,6.341,Exercise 2,68
31,6.341,Exercise 3,15
31,6.341,Exercise 4,25
31,6.341,Exercise 5,26
31,6.341,Exercise 6,76
31,6.341,Exercise 7,29
31,6.341,Exercise 8,4
31,6.341,Exercise 9,24
31,6.341,Exercise 10,81
31,6.855J,Exercise 1,86
31,6.855J,Exercise 2,65
31,6.855J,Exercise 3,0
31,6.855J,Exercise 4,93
31,6.855J,Exercise 5,95
31,6.855J,Exercise 6,91
31,6.855J,Exercise 7,61
31,6.855J,Exercise 8,16
31,6.855J,Exercise 9,99
31,6.855J,Exercise 10,7
31,6.895,Exercise 1,61
31,6.895,Exercise 2,86
31,6.895,Exercise 3,58
31,6.895,Exercise 4,79
31,6.895,Exercise 5,42
31,6.895,Exercise 6,4
31,6.895,Exercise 7,98
31,6.895,Exercise 8,74
31,6.895,Exercise 9,58
31,6.895,Exercise 10,88
31,6.719,Exercise 1,76
31,6.719,Exercise 2,56
31,6.719,Exercise 3,48
31,6.719,Exercise 4,65
31,6.719,Exercise 5,16
31,6.719,Exercise 6,18
31,6.719,Exercise 7,45
31,6.719,Exercise 8,20
31,6.719,Exercise 9,98
31,6.719,Exercise 10,65
31,6.881,Exercise 1,59
31,6.881,Exercise 2,60
31,6.881,Exercise 3,35
31,6.881,Exercise 4,33
31,6.881,Exercise 5,4
31,6.881,Exercise 6,67
31,6.881,Exercise 7,61
31,6.881,Exercise 8,5
31,6.881,Exercise 9,33
31,6.881,Exercise 10,28
32,6.331,Exercise 1,45
32,6.331,Exercise 2,90
32,6.331,Exercise 3,78
32,6.331,Exercise 4,27
32,6.331,Exercise 5,27
32,6.331,Exercise 6,7
32,6.331,Exercise 7,69
32,6.331,Exercise 8,91
32,6.331,Exercise 9,47
32,6.331,Exercise 10,54
32,6.772,Exercise 1,53
32,6.772,Exercise 2,65
32,6.772,Exercise 3,59
32,6.772,Exercise 4,16
32,6.772,Exercise 5,96
32,6.772,Exercise 6,45
32,6.772,Exercise 7,65
32,6.772,Exercise 8,85
32,6.772,Exercise 9,65
32,6.772,Exercise 10,92
32,6.878,Exercise 1,12
32,6.878,Exercise 2,36
32,6.878,Exercise 3,95
32,6.878,Exercise 4,15
32,6.878,Exercise 5,39
32,6.878,Exercise 6,2
32,6.878,Exercise 7,66
32,6.878,Exercise 8,34
32,6.878,Exercise 9,73
32,6.878,Exercise 10,77
32,6.978J,Exercise 1,97
32,6.978J,Exercise 2,17
32,6.978J,Exercise 3,21
32,6.978J,Exercise 4,8
32,6.978J,Exercise 5,62
32,6.978J,Exercise 6,15
32,6.978J,Exercise 7,83
32,6.978J,Exercise 8,18
32,6.978J,Exercise 9,98
32,6.978J,Exercise 10,65
33,6.864,Exercise 1,36
33,6.864,Exercise 2,78
33,6.864,Exercise 3,11
33,6.864,Exercise 4,31
33,6.864,Exercise 5,90
33,6.864,Exercise 6,47
33,6.864,Exercise 7,67
33,6.864,Exercise 8,4
33,6.864,Exercise 9,73
33,6.864,Exercise 10,60
33,6.881,Exercise 1,17
33,6.881,Exercise 2,72
33,6.881,Exercise 3,66
33,6.881,Exercise 4,19
33,6.881,Exercise 5,99
33,6.881,Exercise 6,32
33,6.881,Exercise 7,10
33,6.881,Exercise 8,29
33,6.881,Exercise 9,47
33,6.881,Exercise 10,83
33,6.838,Exercise 1,25
33,6.838,Exercise 2,64
33,6.838,Exercise 3,68
33,6.838,Exercise 4,37
33,6.838,Exercise 5,66
33,6.838,Exercise 6,59
33,6.838,Exercise 7,35
33,6.838,Exercise 8,80
33,6.838,Exercise 9,18
33,6.838,Exercise 10,39
33,6.730,Exercise 1,8
33,6.730,Exercise 2,96
33,6.730,Exercise 3,64
33,6.730,Exercise 4,86
33,6.730,Exercise 5,61
33,6.730,Exercise 6,7
33,6.730,Exercise 7,39
33,6.730,Exercise 8,50
33,6.730,Exercise 9,67
33,6.730,Exercise 10,50
33,6.635,Exercise 1,9
33,6.635,Exercise 2,45
33,6.635,Exercise 3,66
33,6.635,Exercise 4,22
33,6.635,Exercise 5,77
33,6.635,Exercise 6,57
33,6.635,Exercise 7,5
33,6.635,Exercise 8,23
33,6.635,Exercise 9,94
33,6.635,Exercise 10,27
33,6.945,Exercise 1,13
33,6.945,Exercise 2,58
33,6.945,Exercise 3,67
33,6.945,Exercise 4,91
33,6.945,Exercise 5,9
33,6.945,Exercise 6,47
33,6.945,Exercise 7,80
33,6.945,Exercise 8,80
33,6.945,Exercise 9,62
33,6.945,Exercise 10,76
33,6.971,Exercise 1,10
33,6.971,Exercise 2,57
33,6.971,Exercise 3,57
33,6.971,Exercise 4,2
33,6.971,Exercise 5,15
33,6.971,Exercise 6,27
33,6.971,Exercise 7,81
33,6.971,Exercise 8,18
33,6.971,Exercise 9,85
33,6.971,Exercise 10,72
33,6.777J,Exercise 1,54
33,6.777J,Exercise 2,75
33,6.777J,Exercise 3,62
33,6.777J,Exercise 4,45
33,6.777J,Exercise 5,35
33,6.777J,Exercise 6,41
33,6.777J,Exercise 7,4
33,6.777J,Exercise 8,87
33,6.777J,Exercise 9,50
33,6.777J,Exercise 10,30
33,6.855J,Exercise 1,3
33,6.855J,Exercise 2,66
33,6.855J,Exercise 3,23
33,6.855J,Exercise 4,10
33,6.855J,Exercise 5,77
33,6.855J,Exercise 6,85
33,6.855J,Exercise 7,71
33,6.855J,Exercise 8,5
33,6.855J,Exercise 9,9
33,6.855J,Exercise 10,82
34,6.977,Exercise 1,17
34,6.977,Exercise 2,89
34,6.977,Exercise 3,2
34,6.977,Exercise 4,54
34,6.977,Exercise 5,71
34,6.977,Exercise 6,27
34,6.977,Exercise 7,59
34,6.977,Exercise 8,82
34,6.977,Exercise 9,21
34,6.977,Exercise 10,2
34,6.630,Exercise 1,77
34,6.630,Exercise 2,21
34,6.630,Exercise 3,52
34,6.630,Exercise 4,43
34,6.630,Exercise 5,62
34,6.630,Exercise 6,79
34,6.630,Exercise 7,26
34,6.630,Exercise 8,4
34,6.630,Exercise 9,30
34,6.630,Exercise 10,72
34,6.443J,Exercise 1,23
34,6.443J,Exercise 2,96
34,6.443J,Exercise 3,13
34,6.443J,Exercise 4,45
34,6.443J,Exercise 5,17
34,6.443J,Exercise 6,57
34,6.443J,Exercise 7,62
34,6.443J,Exercise 8,37
34,6.443J,Exercise 9,86
34,6.443J,Exercise 10,26
34,6.946J,Exercise 1,53
34,6.946J,Exercise 2,88
34,6.946J,Exercise 3,14
34,6.946J,Exercise 4,49
34,6.946J,Exercise 5,43
34,6.946J,Exercise 6,73
34,6.946J,Exercise 7,32
34,6.946J,Exercise 8,97
34,6.946J,Exercise 9,35
34,6.946J,Exercise 10,20
34,6.972,Exercise 1,61
34,6.972,Exercise 2,63
34,6.972,Exercise 3,95
34,6.972,Exercise 4,16
34,6.972,Exercise 5,66
34,6.972,Exercise 6,88
34,6.972,Exercise 7,80
34,6.972,Exercise 8,87
34,6.972,Exercise 9,56
34,6.972,Exercise 10,38
34,6.281J,Exercise 1,66
34,6.281J,Exercise 2,26
34,6.281J,Exercise 3,24
34,6.281J,Exercise 4,62
34,6.281J,Exercise 5,96
34,6.281J,Exercise 6,72
34,6.281J,Exercise 7,51
34,6.281J,Exercise 8,23
34,6.281J,Exercise 9,81
34,6.281J,Exercise 10,63
34,6.231,Exercise 1,48
34,6.231,Exercise 2,61
34,6.231,Exercise 3,40
34,6.231,Exercise 4,39
34,6.231,Exercise 5,45
34,6.231,Exercise 6,20
34,6.231,Exercise 7,72
34,6.231,Exercise 8,6
34,6.231,Exercise 9,69
34,6.231,Exercise 10,91
35,6.875,Exercise 1,89
35,6.875,Exercise 2,65
35,6.875,Exercise 3,57
35,6.875,Exercise 4,54
35,6.875,Exercise 5,67
35,6.875,Exercise 6,7
35,6.875,Exercise 7,19
35,6.875,Exercise 8,4
35,6.875,Exercise 9,6
35,6.875,Exercise 10,65
36,6.875,Exercise 1,65
36,6.875,Exercise 2,1
36,6.875,Exercise 3,86
36,6.875,Exercise 4,23
36,6.875,Exercise 5,8
36,6.875,Exercise 6,89
36,6.875,Exercise 7,74
36,6.875,Exercise 8,45
36,6.875,Exercise 9,75
36,6.875,Exercise 10,61
36,6.231,Exercise 1,91
36,6.231,Exercise 2,17
36,6.231,Exercise 3,64
36,6.231,Exercise 4,22
36,6.231,Exercise 5,50
36,6.231,Exercise 6,60
36,6.231,Exercise 7,98
36,6.231,Exercise 8,89
36,6.231,Exercise 9,52
36,6.231,Exercise 10,26
36,6.977,Exercise 1,56
36,6.977,Exercise 2,32
36,6.977,Exercise 3,63
36,6.977,Exercise 4,57
36,6.977,Exercise 5,99
36,6.977,Exercise 6,86
36,6.977,Exercise 7,47
36,6.977,Exercise 8,20
36,6.977,Exercise 9,5
36,6.977,Exercise 10,97
36,6.872,Exercise 1,58
36,6.872,Exercise 2,96
36,6.872,Exercise 3,98
36,6.872,Exercise 4,23
36,6.872,Exercise 5,29
36,6.872,Exercise 6,0
36,6.872,Exercise 7,16
36,6.872,Exercise 8,84
36,6.872,Exercise 9,91
36,6.872,Exercise 10,77
36,6.877J,Exercise 1,81
36,6.877J,Exercise 2,96
36,6.877J,Exercise 3,78
36,6.877J,Exercise 4,64
36,6.877J,Exercise 5,18
36,6.877J,Exercise 6,94
36,6.877J,Exercise 7,38
36,6.877J,Exercise 8,12
36,6.877J,Exercise 9,92
36,6.877J,Exercise 10,54
36,6.874J,Exercise 1,57
36,6.874J,Exercise 2,81
36,6.874J,Exercise 3,81
36,6.874J,Exercise 4,79
36,6.874J,Exercise 5,1
36,6.874J,Exercise 6,32
36,6.874J,Exercise 7,27
36,6.874J,Exercise 8,1
36,6.874J,Exercise 9,76
36,6.874J,Exercise 10,2
36,6.435,Exercise 1,47
36,6.435,Exercise 2,40
36,6.435,Exercise 3,15
36,6.435,Exercise 4,98
36,6.435,Exercise 5,75
36,6.435,Exercise 6,14
36,6.435,Exercise 7,56
36,6.435,Exercise 8,58
36,6.435,Exercise 9,32
36,6.435,Exercise 10,31
36,6.841J,Exercise 1,77
36,6.841J,Exercise 2,2
36,6.841J,Exercise 3,20
36,6.841J,Exercise 4,33
36,6.841J,Exercise 5,92
36,6.841J,Exercise 6,53
36,6.841J,Exercise 7,30
36,6.841J,Exercise 8,97
36,6.841J,Exercise 9,5
36,6.841J,Exercise 10,57
36,6.541J,Exercise 1,37
36,6.541J,Exercise 2,62
36,6.541J,Exercise 3,78
36,6.541J,Exercise 4,89
36,6.541J,Exercise 5,46
36,6.541J,Exercise 6,2
36,6.541J,Exercise 7,99
36,6.541J,Exercise 8,59
36,6.541J,Exercise 9,44
36,6.541J,Exercise 10,82
37,6.945,Exercise 1,22
37,6.945,Exercise 2,94
37,6.945,Exercise 3,18
37,6.945,Exercise 4,57
37,6.945,Exercise 5,32
37,6.945,Exercise 6,65
37,6.945,Exercise 7,47
37,6.945,Exercise 8,87
37,6.945,Exercise 9,84
37,6.945,Exercise 10,93
37,6.436J,Exercise 1,69
37,6.436J,Exercise 2,80
37,6.436J,Exercise 3,88
37,6.436J,Exercise 4,4
37,6.436J,Exercise 5,13
37,6.436J,Exercise 6,46
37,6.436J,Exercise 7,39
37,6.436J,Exercise 8,4
37,6.436J,Exercise 9,81
37,6.436J,Exercise 10,49
37,6.452,Exercise 1,28
37,6.452,Exercise 2,21
37,6.452,Exercise 3,20
37,6.452,Exercise 4,60
37,6.452,Exercise 5,4
37,6.452,Exercise 6,63
37,6.452,Exercise 7,7
37,6.452,Exercise 8,80
37,6.452,Exercise 9,71
37,6.452,Exercise 10,89
37,6.830,Exercise 1,13
37,6.830,Exercise 2,37
37,6.830,Exercise 3,94
37,6.830,Exercise 4,2
37,6.830,Exercise 5,13
37,6.830,Exercise 6,1
37,6.830,Exercise 7,88
37,6.830,Exercise 8,30
37,6.830,Exercise 9,94
37,6.830,Exercise 10,88
37,6.302,Exercise 1,15
37,6.302,Exercise 2,33
37,6.302,Exercise 3,6
37,6.302,Exercise 4,31
37,6.302,Exercise 5,28
37,6.302,Exercise 6,63
37,6.302,Exercise 7,59
37,6.302,Exercise 8,25
37,6.302,Exercise 9,3
37,6.302,Exercise 10,67
37,6.695,Exercise 1,92
37,6.695,Exercise 2,50
37,6.695,Exercise 3,82
37,6.695,Exercise 4,74
37,6.695,Exercise 5,17
37,6.695,Exercise 6,61
37,6.695,Exercise 7,54
37,6.695,Exercise 8,80
37,6.695,Exercise 9,78
37,6.695,Exercise 10,79
37,6.867,Exercise 1,92
37,6.867,Exercise 2,18
37,6.867,Exercise 3,66
37,6.867,Exercise 4,27
37,6.867,Exercise 5,20
37,6.867,Exercise 6,56
37,6.867,Exercise 7,91
37,6.867,Exercise 8,99
37,6.867,Exercise 9,57
37,6.867,Exercise 10,90
38,6.451,Exercise 1,61
38,6.451,Exercise 2,74
38,6.451,Exercise 3,3
38,6.451,Exercise 4,89
38,6.451,Exercise 5,20
38,6.451,Exercise 6,37
38,6.451,Exercise 7,25
38,6.451,Exercise 8,43
38,6.451,Exercise 9,78
38,6.451,Exercise 10,19
40,6.432,Exercise 1,86
40,6.432,Exercise 2,2
40,6.432,Exercise 3,80
40,6.432,Exercise 4,71
40,6.432,Exercise 5,25
40,6.432,Exercise 6,35
40,6.432,Exercise 7,51
40,6.432,Exercise 8,64
40,6.432,Exercise 9,44
40,6.432,Exercise 10,93
40,6.339J,Exercise 1,15
40,6.339J,Exercise 2,73
40,6.339J,Exercise 3,29
40,6.339J,Exercise 4,35
40,6.339J,Exercise 5,42
40,6.339J,Exercise 6,35
40,6.339J,Exercise 7,35
40,6.339J,Exercise 8,97
40,6.339J,Exercise 9,5
40,6.339J,Exercise 10,78
40,6.974,Exercise 1,93
40,6.974,Exercise 2,22
40,6.974,Exercise 3,16
40,6.974,Exercise 4,76
40,6.974,Exercise 5,25
40,6.974,Exercise 6,84
40,6.974,Exercise 7,17
40,6.974,Exercise 8,35
40,6.974,Exercise 9,3
40,6.974,Exercise 10,79
40,6.833,Exercise 1,7
40,6.833,Exercise 2,74
40,6.833,Exercise 3,95
40,6.833,Exercise 4,49
40,6.833,Exercise 5,33
40,6.833,Exercise 6,33
40,6.833,Exercise 7,12
40,6.833,Exercise 8,23
40,6.833,Exercise 9,95
40,6.833,Exercise 10,0
40,6.252J,Exercise 1,48
40,6.252J,Exercise 2,90
40,6.252J,Exercise 3,45
40,6.252J,Exercise 4,28
40,6.252J,Exercise 5,58
40,6.252J,Exercise 6,71
40,6.252J,Exercise 7,67
40,6.252J,Exercise 8,13
40,6.252J,Exercise 9,83
40,6.252J,Exercise 10,42
